,name,date,open,high,low,close,volume,adj_close
554,HPX,2018-07-24,26.8,28.6,26.8,28.6,1437600,18.81
553,HPX,2018-07-25,28.6,28.8,28.0,28.7,543400,18.87
552,HPX,2018-07-26,28.7,28.8,27.0,27.0,408020,17.76
551,HPX,2018-07-27,27.0,27.45,27.0,27.45,542040,18.05
550,HPX,2018-07-30,27.5,27.8,27.45,27.5,610110,18.08
549,HPX,2018-07-31,27.2,27.6,27.2,27.35,337200,17.99
548,HPX,2018-08-01,27.0,27.5,27.0,27.15,534390,17.85
547,HPX,2018-08-02,27.3,27.4,27.0,27.15,508410,17.85
546,HPX,2018-08-03,27.1,27.2,26.9,26.9,506080,17.69
545,HPX,2018-08-06,26.9,27.1,26.8,27.0,622430,17.76
544,HPX,2018-08-07,26.95,27.2,26.9,27.2,351390,17.89
543,HPX,2018-08-08,27.0,27.4,27.0,27.3,247830,17.95
542,HPX,2018-08-09,27.3,27.4,27.0,27.1,465370,17.82
541,HPX,2018-08-10,27.1,27.15,26.95,27.05,278970,17.79
540,HPX,2018-08-13,27.05,27.3,27.05,27.2,375260,17.89
539,HPX,2018-08-14,27.2,27.5,27.1,27.5,696230,18.08
538,HPX,2018-08-15,27.5,27.6,27.3,27.3,572800,17.95
537,HPX,2018-08-16,27.3,27.4,27.2,27.3,340040,17.95
536,HPX,2018-08-17,27.2,27.4,27.2,27.3,226490,17.95
535,HPX,2018-08-20,27.2,27.4,27.1,27.1,331940,17.82
534,HPX,2018-08-21,27.2,27.2,27.0,27.1,402040,17.82
533,HPX,2018-08-22,27.1,27.2,27.0,27.1,335780,17.82
532,HPX,2018-08-23,27.1,27.3,27.05,27.1,204460,17.82
531,HPX,2018-08-24,27.1,27.3,27.1,27.2,192410,17.89
530,HPX,2018-08-27,27.15,27.25,27.1,27.2,163580,17.89
529,HPX,2018-08-28,27.2,27.3,27.0,27.1,234190,17.82
528,HPX,2018-08-29,27.1,27.2,27.05,27.05,253550,17.79
527,HPX,2018-08-30,27.05,27.15,27.05,27.15,200170,17.85
526,HPX,2018-08-31,27.15,27.3,27.0,27.25,243880,17.92
525,HPX,2018-09-04,27.25,27.5,27.2,27.4,308090,18.02
524,HPX,2018-09-05,27.25,27.45,27.2,27.2,306240,17.89
523,HPX,2018-09-06,27.2,27.25,27.0,27.2,212110,17.89
522,HPX,2018-09-07,27.2,27.35,27.2,27.25,205740,17.92
521,HPX,2018-09-10,27.2,27.35,27.2,27.3,201510,17.95
520,HPX,2018-09-11,27.3,27.35,27.0,27.25,134470,17.92
519,HPX,2018-09-12,27.2,27.3,27.0,27.25,186410,17.92
518,HPX,2018-09-13,27.2,27.25,27.0,27.25,303640,17.92
517,HPX,2018-09-14,27.25,27.35,27.2,27.25,340800,17.92
516,HPX,2018-09-17,27.2,27.3,27.0,27.0,411830,17.76
515,HPX,2018-09-18,27.0,27.2,27.0,27.1,336020,17.82
514,HPX,2018-09-19,27.1,27.15,27.0,27.15,205190,17.85
513,HPX,2018-09-20,27.15,27.15,26.8,27.0,55450,17.76
512,HPX,2018-09-21,27.0,27.2,26.9,27.0,23220,17.76
511,HPX,2018-09-24,27.0,27.15,26.95,27.1,38560,17.82
510,HPX,2018-09-25,27.1,27.1,26.95,27.0,24210,17.76
509,HPX,2018-09-26,27.0,27.0,26.9,27.0,35330,17.76
508,HPX,2018-09-27,27.0,27.0,26.95,27.0,20790,17.76
507,HPX,2018-09-28,27.0,27.05,26.95,27.0,11570,17.76
506,HPX,2018-10-01,27.0,27.1,27.0,27.05,35980,17.79
505,HPX,2018-10-02,27.05,27.1,26.9,26.9,35660,17.69
504,HPX,2018-10-03,26.9,27.0,26.9,27.0,35020,17.76
503,HPX,2018-10-04,27.0,27.05,26.95,27.0,36460,17.76
502,HPX,2018-10-05,27.0,27.0,26.9,26.95,21470,17.72
501,HPX,2018-10-08,26.95,27.0,26.9,26.9,15870,17.69
500,HPX,2018-10-09,26.9,26.95,26.9,26.9,12220,17.69
499,HPX,2018-10-10,26.9,27.0,26.8,27.0,35970,17.76
498,HPX,2018-10-11,27.05,27.15,26.7,27.05,121360,17.79
497,HPX,2018-10-12,26.9,27.05,26.85,27.05,75760,17.79
496,HPX,2018-10-15,27.05,27.1,26.95,27.0,82410,17.76
495,HPX,2018-10-16,27.05,28.0,26.9,28.0,262990,18.41
494,HPX,2018-10-17,27.8,28.05,27.65,27.8,245270,18.28
493,HPX,2018-10-18,27.8,29.0,27.6,29.0,543820,19.07
492,HPX,2018-10-19,29.0,29.05,28.0,28.0,318840,18.41
491,HPX,2018-10-22,28.3,28.55,28.1,28.1,291330,18.48
490,HPX,2018-10-23,28.2,28.5,27.65,27.8,105750,18.28
489,HPX,2018-10-24,27.75,28.15,27.0,27.0,150910,17.76
488,HPX,2018-10-25,26.75,27.5,26.0,27.5,565050,18.08
487,HPX,2018-10-26,27.45,27.95,27.45,27.9,528210,18.35
486,HPX,2018-10-29,27.55,28.2,27.5,28.15,377930,18.51
485,HPX,2018-10-30,27.9,30.1,27.5,29.95,870620,19.7
484,HPX,2018-10-31,30.1,30.7,29.3,29.95,541670,19.7
483,HPX,2018-11-01,26.0,26.8,25.95,26.7,496130,20.19
482,HPX,2018-11-02,26.65,27.1,26.65,27.1,367040,20.49
481,HPX,2018-11-05,27.1,27.5,27.0,27.2,313810,20.57
480,HPX,2018-11-06,27.2,27.8,27.1,27.75,413840,20.98
479,HPX,2018-11-07,27.8,27.9,27.5,27.6,282060,20.87
478,HPX,2018-11-08,27.5,27.8,27.2,27.65,290290,20.91
477,HPX,2018-11-09,27.7,27.8,27.4,27.4,404060,20.72
476,HPX,2018-11-12,27.3,27.55,26.65,26.65,255150,20.15
475,HPX,2018-11-13,26.8,27.0,26.6,27.0,175570,20.42
474,HPX,2018-11-14,26.95,27.5,26.7,27.5,276160,20.8
473,HPX,2018-11-15,27.0,27.5,27.0,27.25,313180,20.61
472,HPX,2018-11-16,27.25,27.7,27.2,27.6,442140,20.87
471,HPX,2018-11-19,27.8,28.0,27.6,27.6,230420,20.87
470,HPX,2018-11-20,27.5,28.0,27.0,27.0,252270,20.42
469,HPX,2018-11-21,27.0,27.65,27.0,27.0,260070,20.42
468,HPX,2018-11-22,27.0,27.6,26.8,27.45,166350,20.76
467,HPX,2018-11-23,27.45,27.6,26.85,27.0,188600,20.42
466,HPX,2018-11-26,27.0,27.1,26.9,27.0,202900,20.42
465,HPX,2018-11-27,27.0,27.1,26.85,26.95,151080,20.38
464,HPX,2018-11-28,26.95,27.05,26.5,26.9,192650,20.34
463,HPX,2018-11-29,26.9,27.0,26.6,26.9,207050,20.34
462,HPX,2018-11-30,26.6,26.95,26.3,26.8,142880,20.27
461,HPX,2018-12-03,26.8,27.0,26.4,26.95,182250,20.38
460,HPX,2018-12-04,26.95,27.05,26.4,26.95,262470,20.38
459,HPX,2018-12-05,26.95,26.95,26.15,26.8,129490,20.27
458,HPX,2018-12-06,26.5,27.0,26.4,26.8,160460,20.27
457,HPX,2018-12-07,26.8,26.95,26.0,26.8,246680,20.27
456,HPX,2018-12-10,26.8,26.8,26.1,26.8,124790,20.27
455,HPX,2018-12-11,26.5,26.8,26.1,26.8,325710,20.27
454,HPX,2018-12-12,26.8,26.8,26.05,26.05,264440,19.7
453,HPX,2018-12-13,26.05,26.5,26.05,26.5,277500,20.04
452,HPX,2018-12-14,26.5,26.55,26.1,26.45,494420,20.0
451,HPX,2018-12-17,26.45,26.6,26.1,26.4,292700,19.96
450,HPX,2018-12-18,26.4,26.4,26.1,26.1,370010,19.74
449,HPX,2018-12-19,26.3,26.35,25.8,26.0,378090,19.66
448,HPX,2018-12-20,22.5,23.95,22.5,23.95,808420,18.11
447,HPX,2018-12-21,23.95,25.6,23.95,25.6,936060,19.36
446,HPX,2018-12-24,25.55,26.5,25.4,25.65,863890,19.4
445,HPX,2018-12-25,25.65,26.1,24.0,26.1,441010,19.74
444,HPX,2018-12-26,26.0,26.1,25.0,25.95,200700,19.62
443,HPX,2018-12-27,25.95,26.0,25.1,26.0,384570,19.66
442,HPX,2018-12-28,25.5,26.0,25.0,26.0,449120,19.66
441,HPX,2019-01-02,26.0,26.0,25.0,25.85,97820,19.55
440,HPX,2019-01-03,25.85,25.85,24.6,24.6,352830,18.6
439,HPX,2019-01-04,24.5,24.9,24.0,24.7,261960,18.68
438,HPX,2019-01-07,24.7,24.8,24.6,24.6,330480,18.6
437,HPX,2019-01-08,24.7,24.7,24.35,24.35,281750,18.41
436,HPX,2019-01-09,24.4,24.45,24.2,24.35,224160,18.41
435,HPX,2019-01-10,24.35,24.4,24.2,24.2,127100,18.3
434,HPX,2019-01-11,24.2,24.35,24.1,24.3,376800,18.38
433,HPX,2019-01-14,24.3,24.6,23.9,24.6,373920,18.6
432,HPX,2019-01-15,24.6,25.5,24.5,25.4,591940,19.21
431,HPX,2019-01-16,25.4,25.6,25.2,25.4,277180,19.21
430,HPX,2019-01-17,25.4,26.3,25.0,26.3,490270,19.89
429,HPX,2019-01-18,26.0,26.4,25.9,26.4,497010,19.96
428,HPX,2019-01-21,26.3,26.3,24.6,25.5,360000,19.28
427,HPX,2019-01-22,26.0,27.1,25.65,26.5,400440,20.04
426,HPX,2019-01-23,26.5,26.5,26.2,26.5,494380,20.04
425,HPX,2019-01-24,26.4,26.45,25.9,26.45,457960,20.0
424,HPX,2019-01-25,26.3,26.6,25.55,26.45,350050,20.0
423,HPX,2019-01-28,26.4,26.5,25.9,26.2,313840,19.81
422,HPX,2019-01-29,26.2,26.3,26.05,26.1,187750,19.74
421,HPX,2019-01-30,26.1,26.1,25.6,25.85,119280,19.55
420,HPX,2019-01-31,24.7,25.85,24.7,24.9,54780,18.83
419,HPX,2019-02-01,25.0,25.7,24.9,25.0,31250,18.91
418,HPX,2019-02-11,24.7,25.3,24.7,25.25,133000,19.09
417,HPX,2019-02-12,25.3,25.3,24.6,24.6,104120,18.6
416,HPX,2019-02-13,24.7,24.75,24.0,24.2,206480,18.3
415,HPX,2019-02-14,24.2,24.4,24.0,24.2,197080,18.3
414,HPX,2019-02-15,24.2,24.2,23.7,23.8,161830,18.0
413,HPX,2019-02-18,23.8,23.95,23.5,23.5,234820,17.77
412,HPX,2019-02-19,23.5,23.7,23.5,23.6,241250,17.85
411,HPX,2019-02-20,23.6,23.65,22.9,22.9,226020,17.32
410,HPX,2019-02-21,22.9,23.4,22.9,23.25,380120,17.58
409,HPX,2019-02-22,23.2,23.4,23.1,23.25,301550,17.58
408,HPX,2019-02-25,23.25,23.45,23.2,23.45,285860,17.73
407,HPX,2019-02-26,23.45,23.65,23.45,23.5,362160,17.77
406,HPX,2019-02-27,23.5,23.7,23.4,23.7,400860,17.92
405,HPX,2019-02-28,23.65,23.8,23.6,23.8,513290,18.0
404,HPX,2019-03-01,23.5,23.95,23.5,23.8,396980,18.0
403,HPX,2019-03-04,23.8,24.45,23.7,24.0,335750,18.15
402,HPX,2019-03-05,24.05,24.2,23.75,24.0,387500,18.15
401,HPX,2019-03-06,23.95,24.0,23.6,23.6,226220,17.85
400,HPX,2019-03-07,23.65,23.75,23.55,23.6,265680,17.85
399,HPX,2019-03-08,23.6,23.75,23.55,23.55,151280,17.81
398,HPX,2019-03-11,23.6,23.8,23.5,23.6,227020,17.85
397,HPX,2019-03-12,23.6,23.75,23.5,23.75,263470,17.96
396,HPX,2019-03-13,23.7,24.0,23.5,23.75,302320,17.96
395,HPX,2019-03-14,23.75,24.0,23.7,23.95,324500,18.11
394,HPX,2019-03-15,23.95,24.0,23.85,23.95,156450,18.11
393,HPX,2019-03-18,23.95,24.25,23.85,24.2,535180,18.3
392,HPX,2019-03-19,24.2,24.35,24.0,24.25,225090,18.34
391,HPX,2019-03-20,24.25,24.5,24.2,24.5,151030,18.53
390,HPX,2019-03-21,24.45,25.0,24.0,24.0,219840,18.15
389,HPX,2019-03-22,23.85,24.15,23.85,24.05,156100,18.19
388,HPX,2019-03-25,24.0,24.1,23.85,24.0,132700,18.15
387,HPX,2019-03-26,24.0,24.55,24.0,24.55,173710,18.56
386,HPX,2019-03-27,24.55,25.2,24.55,25.2,334030,19.06
385,HPX,2019-03-28,25.2,25.5,25.0,25.2,662840,19.06
384,HPX,2019-03-29,25.15,26.0,25.15,25.75,736630,19.47
383,HPX,2019-04-01,25.75,25.75,25.35,25.7,306740,19.43
382,HPX,2019-04-02,25.7,25.75,25.3,25.35,380210,19.17
381,HPX,2019-04-03,25.35,25.4,25.0,25.0,364210,18.91
380,HPX,2019-04-04,25.0,25.4,25.0,25.1,319330,18.98
379,HPX,2019-04-05,25.1,25.2,25.0,25.15,204170,19.02
378,HPX,2019-04-08,25.1,25.2,25.1,25.15,210020,19.02
377,HPX,2019-04-09,25.15,25.2,24.95,25.15,111160,19.02
376,HPX,2019-04-10,25.15,25.3,25.05,25.15,209500,19.02
375,HPX,2019-04-11,25.15,25.35,25.15,25.35,253890,19.17
374,HPX,2019-04-12,25.45,25.5,25.0,25.0,330280,18.91
373,HPX,2019-04-16,25.05,25.4,25.05,25.1,707290,18.98
372,HPX,2019-04-17,25.1,25.45,25.0,25.45,667180,19.25
371,HPX,2019-04-18,25.4,25.6,25.2,25.3,453310,19.13
370,HPX,2019-04-19,25.35,25.6,25.15,25.5,354180,19.28
369,HPX,2019-04-22,25.4,26.0,25.4,26.0,465200,19.66
368,HPX,2019-04-23,25.95,26.6,25.8,26.6,675090,20.12
367,HPX,2019-04-24,26.6,26.9,26.4,26.9,590090,20.34
366,HPX,2019-04-25,26.9,27.6,26.85,27.55,617880,20.83
365,HPX,2019-04-26,27.6,27.7,26.5,26.5,719240,20.04
364,HPX,2019-05-02,26.4,26.5,26.25,26.35,653270,19.93
363,HPX,2019-05-03,26.1,26.4,26.05,26.35,645670,19.93
362,HPX,2019-05-06,26.35,26.5,26.25,26.5,355970,20.04
361,HPX,2019-05-07,26.6,26.75,26.0,26.1,440370,19.74
360,HPX,2019-05-08,25.9,26.4,25.9,26.35,417620,19.93
359,HPX,2019-05-09,26.4,26.45,26.2,26.35,172780,19.93
358,HPX,2019-05-10,26.3,26.4,26.25,26.3,269820,19.89
357,HPX,2019-05-13,26.3,26.4,26.25,26.3,264090,19.89
356,HPX,2019-05-14,26.25,26.35,26.25,26.3,195080,19.89
355,HPX,2019-05-15,26.3,26.45,26.2,26.25,187170,19.85
354,HPX,2019-05-16,26.25,26.3,26.15,26.25,109050,19.85
353,HPX,2019-05-17,26.25,26.3,26.1,26.3,131190,19.89
352,HPX,2019-05-20,26.0,26.3,26.0,26.3,225020,19.89
351,HPX,2019-05-21,26.3,26.3,25.95,26.2,194190,19.81
350,HPX,2019-05-22,26.35,26.35,26.0,26.35,385880,19.93
349,HPX,2019-05-23,26.35,26.4,26.1,26.3,312770,19.89
348,HPX,2019-05-24,26.25,26.3,26.1,26.3,307300,19.89
347,HPX,2019-05-27,26.3,26.35,26.1,26.35,316010,19.93
346,HPX,2019-05-28,26.3,26.35,26.1,26.25,249210,19.85
345,HPX,2019-05-29,26.25,26.35,26.05,26.25,213490,19.85
344,HPX,2019-05-30,26.2,26.3,26.1,26.3,311010,19.89
343,HPX,2019-05-31,26.25,26.3,26.1,26.25,183300,19.85
342,HPX,2019-06-03,26.1,26.2,26.0,26.2,153810,19.81
341,HPX,2019-06-04,26.05,26.2,25.95,26.2,223260,19.81
340,HPX,2019-06-05,26.2,26.4,26.1,26.4,377680,19.96
339,HPX,2019-06-06,26.4,26.45,26.2,26.35,230720,19.93
338,HPX,2019-06-07,26.3,26.4,26.2,26.4,332010,19.96
337,HPX,2019-06-10,26.4,26.85,26.35,26.8,432770,20.27
336,HPX,2019-06-11,26.7,26.8,26.55,26.75,356210,20.23
335,HPX,2019-06-12,26.75,26.8,26.5,26.65,326310,20.15
334,HPX,2019-06-13,26.5,26.6,26.3,26.6,203850,20.12
333,HPX,2019-06-14,26.45,26.7,26.45,26.55,308110,20.08
332,HPX,2019-06-17,26.2,26.6,24.75,26.6,874550,20.12
331,HPX,2019-06-18,26.4,27.0,26.25,26.8,453310,20.27
330,HPX,2019-06-19,26.7,27.1,26.5,26.7,396180,20.19
329,HPX,2019-06-20,26.6,26.75,26.1,26.7,560540,20.19
328,HPX,2019-06-21,26.7,26.8,26.55,26.8,387610,20.27
327,HPX,2019-06-24,26.7,26.75,26.1,26.5,363210,20.04
326,HPX,2019-06-25,26.2,26.65,25.95,26.65,528280,20.15
325,HPX,2019-06-26,26.7,26.7,26.5,26.7,219590,20.19
324,HPX,2019-06-27,26.6,26.75,26.5,26.6,158010,20.12
323,HPX,2019-06-28,26.5,26.6,26.15,26.5,443230,20.04
322,HPX,2019-07-01,27.0,27.0,26.2,27.0,367890,20.42
321,HPX,2019-07-02,26.85,27.0,26.5,26.85,427970,20.3
320,HPX,2019-07-03,26.6,26.75,26.5,26.6,285310,20.12
319,HPX,2019-07-04,26.6,26.7,26.1,26.65,446560,20.15
318,HPX,2019-07-05,26.55,26.55,26.2,26.2,288830,19.81
317,HPX,2019-07-08,26.2,26.2,25.7,26.0,337420,19.66
316,HPX,2019-07-09,25.9,26.0,25.1,25.1,379310,18.98
315,HPX,2019-07-10,25.5,25.9,25.3,25.5,231710,19.28
314,HPX,2019-07-11,25.6,26.6,25.5,26.6,515990,20.12
313,HPX,2019-07-12,26.5,26.55,26.3,26.5,333080,20.04
312,HPX,2019-07-15,26.5,26.45,26.1,26.1,219840,19.74
311,HPX,2019-07-16,26.2,26.5,26.1,26.5,312720,20.04
310,HPX,2019-07-17,26.4,26.8,26.4,26.8,375300,20.27
309,HPX,2019-07-18,26.75,26.8,26.5,26.5,409140,20.04
308,HPX,2019-07-19,26.5,27.0,26.4,27.0,358190,20.42
307,HPX,2019-07-22,26.9,26.95,26.6,26.75,402040,20.23
306,HPX,2019-07-23,26.6,26.75,26.6,26.75,292450,20.23
305,HPX,2019-07-24,26.65,26.75,26.6,26.65,189910,20.15
304,HPX,2019-07-25,26.65,26.7,26.65,26.7,169090,20.19
303,HPX,2019-07-26,26.65,26.7,26.55,26.6,335160,20.12
302,HPX,2019-07-29,26.6,26.65,26.5,26.6,271890,20.12
301,HPX,2019-07-30,26.6,26.6,26.45,26.6,448270,20.12
300,HPX,2019-07-31,26.5,26.5,26.4,26.45,275270,20.0
299,HPX,2019-08-01,26.4,26.75,26.3,26.75,487040,20.23
298,HPX,2019-08-02,26.75,26.75,26.5,26.5,324020,20.04
297,HPX,2019-08-05,26.5,26.7,26.4,26.6,318510,20.12
296,HPX,2019-08-06,26.5,26.5,26.45,26.5,250450,20.04
295,HPX,2019-08-07,26.5,26.5,26.4,26.5,347530,20.04
294,HPX,2019-08-08,26.4,27.0,26.4,26.75,619570,20.23
293,HPX,2019-08-09,26.6,26.65,26.5,26.6,449840,20.12
292,HPX,2019-08-12,26.6,26.6,26.4,26.5,564730,20.04
291,HPX,2019-08-13,26.5,26.6,26.45,26.5,533850,20.04
290,HPX,2019-08-14,26.3,26.4,26.25,26.4,357250,19.96
289,HPX,2019-08-15,26.4,26.5,26.35,26.4,323700,19.96
288,HPX,2019-08-16,26.4,26.5,26.3,26.5,426560,20.04
287,HPX,2019-08-19,26.5,26.5,26.3,26.4,396910,19.96
286,HPX,2019-08-20,26.35,26.4,26.3,26.4,364380,19.96
285,HPX,2019-08-21,26.3,26.5,26.3,26.4,350910,19.96
284,HPX,2019-08-22,26.4,26.4,26.3,26.4,318650,19.96
283,HPX,2019-08-23,26.3,26.4,26.3,26.4,323670,19.96
282,HPX,2019-08-26,26.4,26.4,26.3,26.4,379740,19.96
281,HPX,2019-08-27,26.3,26.6,26.25,26.6,364210,20.12
280,HPX,2019-08-28,26.4,26.45,26.3,26.4,338040,19.96
279,HPX,2019-08-29,26.3,26.4,26.3,26.4,347500,19.96
278,HPX,2019-08-30,26.3,26.4,26.05,26.4,191010,19.96
277,HPX,2019-09-03,26.4,26.4,26.0,26.4,355890,19.96
276,HPX,2019-09-04,26.4,26.4,25.9,26.4,278690,19.96
275,HPX,2019-09-05,26.2,26.4,26.2,26.4,393500,19.96
274,HPX,2019-09-06,26.4,26.5,26.2,26.5,321580,20.04
273,HPX,2019-09-09,26.4,26.5,24.7,26.4,367050,19.96
272,HPX,2019-09-10,26.3,26.4,26.05,26.4,335970,19.96
271,HPX,2019-09-11,26.4,26.4,26.2,26.4,272960,19.96
270,HPX,2019-09-12,26.3,26.3,26.0,26.3,335310,19.89
269,HPX,2019-09-13,25.5,26.35,25.25,26.35,342620,19.93
268,HPX,2019-09-16,25.5,26.35,25.6,26.35,624400,19.93
267,HPX,2019-09-17,26.0,26.35,25.9,26.35,391840,19.93
266,HPX,2019-09-18,26.0,26.35,26.2,26.35,411780,19.93
265,HPX,2019-09-19,26.2,26.35,25.9,26.35,941510,19.93
264,HPX,2019-09-20,26.15,26.3,26.1,26.3,404560,19.89
263,HPX,2019-09-23,26.3,26.3,26.25,26.25,343660,19.85
262,HPX,2019-09-24,26.25,27.0,25.9,27.0,777660,20.42
261,HPX,2019-09-25,27.0,27.0,26.0,26.0,542380,19.66
260,HPX,2019-09-26,25.2,26.5,25.2,26.45,366160,20.0
259,HPX,2019-09-27,26.45,26.45,25.5,26.15,535680,19.77
258,HPX,2019-09-30,26.15,26.15,26.1,26.15,336280,19.77
257,HPX,2019-10-01,26.15,26.15,25.5,26.1,213170,19.74
256,HPX,2019-10-02,26.1,26.5,25.5,26.1,516600,19.74
255,HPX,2019-10-03,26.1,26.35,26.1,26.3,342680,19.89
254,HPX,2019-10-04,26.3,26.5,26.25,26.4,246350,19.96
253,HPX,2019-10-07,26.4,27.0,25.6,26.7,300120,20.19
252,HPX,2019-10-08,26.7,26.7,26.5,26.5,211470,20.04
251,HPX,2019-10-09,26.1,26.4,26.0,26.0,270740,19.66
250,HPX,2019-10-10,25.0,26.45,25.0,26.3,235830,19.89
249,HPX,2019-10-11,25.4,27.0,25.4,26.8,424020,20.27
248,HPX,2019-10-14,26.8,26.8,26.4,26.5,259470,20.04
247,HPX,2019-10-15,26.5,26.5,26.35,26.4,224620,19.96
246,HPX,2019-10-16,26.4,26.4,26.3,26.35,160770,19.93
245,HPX,2019-10-17,26.35,26.35,26.3,26.35,199160,19.93
244,HPX,2019-10-18,26.35,26.35,26.1,26.35,241550,19.93
243,HPX,2019-10-21,26.35,26.35,26.3,26.35,341800,19.93
242,HPX,2019-10-22,26.35,27.5,26.2,26.5,472270,20.04
241,HPX,2019-10-23,26.5,26.5,25.95,25.95,347860,19.62
240,HPX,2019-10-24,26.45,26.45,26.4,26.45,342290,20.0
239,HPX,2019-10-25,26.45,26.45,26.2,26.4,245690,19.96
238,HPX,2019-10-28,26.4,26.4,26.3,26.35,243940,19.93
237,HPX,2019-10-29,26.35,26.35,26.25,26.35,307600,19.93
236,HPX,2019-10-30,26.35,26.35,26.25,26.35,197180,19.93
235,HPX,2019-10-31,26.35,26.35,26.25,26.3,217110,19.89
234,HPX,2019-11-01,26.3,26.35,26.2,26.35,215950,19.93
233,HPX,2019-11-04,26.35,26.35,26.25,26.35,239500,19.93
232,HPX,2019-11-05,26.35,26.5,26.25,26.5,325770,20.04
231,HPX,2019-11-06,26.5,26.5,26.35,26.5,340340,20.04
230,HPX,2019-11-07,26.5,26.5,26.35,26.45,207360,20.0
229,HPX,2019-11-08,26.45,26.45,26.3,26.45,304810,20.0
228,HPX,2019-11-11,26.45,26.8,26.3,26.8,288210,20.27
227,HPX,2019-11-12,26.8,26.8,26.6,26.7,302320,20.19
226,HPX,2019-11-13,26.7,26.7,26.0,26.0,337430,19.66
225,HPX,2019-11-14,26.0,27.5,26.0,27.5,176050,20.8
224,HPX,2019-11-15,26.0,27.4,26.0,26.8,309890,20.27
223,HPX,2019-11-18,26.8,26.8,26.5,26.8,249680,20.27
222,HPX,2019-11-19,26.0,26.75,26.0,26.75,323690,20.23
221,HPX,2019-11-20,26.75,26.8,26.6,26.8,211110,20.27
220,HPX,2019-11-21,26.0,26.75,26.0,26.65,199870,20.15
219,HPX,2019-11-22,26.0,26.6,26.0,26.6,283070,20.12
218,HPX,2019-11-25,26.6,26.6,26.0,26.55,261200,20.08
217,HPX,2019-11-26,26.0,26.6,26.0,26.45,271130,20.0
216,HPX,2019-11-27,26.45,26.45,26.3,26.45,327230,20.0
215,HPX,2019-11-28,26.0,26.4,26.0,26.0,260860,19.66
214,HPX,2019-11-29,26.25,26.3,26.0,26.0,127680,19.66
213,HPX,2019-12-02,26.3,26.35,26.25,26.3,272250,19.89
212,HPX,2019-12-03,26.25,26.3,26.15,26.3,286910,19.89
211,HPX,2019-12-04,26.25,26.3,26.2,26.3,283040,19.89
210,HPX,2019-12-05,26.3,26.8,26.2,26.3,332850,19.89
209,HPX,2019-12-06,26.3,26.3,26.0,26.0,373410,19.66
208,HPX,2019-12-09,26.0,26.3,25.8,26.3,350830,19.89
207,HPX,2019-12-10,26.3,26.3,26.2,26.3,326220,19.89
206,HPX,2019-12-11,26.3,26.5,26.2,26.3,294350,19.89
205,HPX,2019-12-12,26.2,26.5,26.2,26.3,310930,19.89
204,HPX,2019-12-13,26.3,26.5,26.2,26.45,382330,20.0
203,HPX,2019-12-16,26.4,26.45,26.35,26.45,234640,20.0
202,HPX,2019-12-17,26.45,26.45,26.35,26.45,236740,20.0
201,HPX,2019-12-18,26.45,26.45,26.0,26.0,241590,19.66
200,HPX,2019-12-19,26.4,26.4,26.25,26.3,158210,19.89
199,HPX,2019-12-20,26.3,26.5,26.0,26.35,317380,19.93
198,HPX,2019-12-23,26.35,26.35,26.25,26.35,341460,19.93
197,HPX,2019-12-24,26.3,26.35,24.55,26.35,400620,19.93
196,HPX,2019-12-25,26.35,26.5,26.3,26.35,282030,19.93
195,HPX,2019-12-26,26.35,26.35,26.2,26.35,413520,19.93
194,HPX,2019-12-27,26.35,26.35,26.25,26.35,363180,19.93
193,HPX,2019-12-30,26.35,26.35,26.0,26.35,186930,19.93
192,HPX,2019-12-31,26.35,26.35,26.25,26.35,176210,19.93
191,HPX,2020-01-02,26.35,26.5,26.0,26.35,172790,19.93
190,HPX,2020-01-03,26.35,26.5,26.35,26.5,281450,20.04
189,HPX,2020-01-06,26.5,26.5,26.3,26.45,302790,20.0
188,HPX,2020-01-07,26.45,26.45,26.35,26.4,333010,19.96
187,HPX,2020-01-08,26.4,26.4,26.3,26.4,474570,19.96
186,HPX,2020-01-09,26.4,26.4,26.3,26.4,354160,19.96
185,HPX,2020-01-10,26.4,26.4,26.3,26.35,254150,19.93
184,HPX,2020-01-13,26.35,26.4,26.25,26.4,305960,19.96
183,HPX,2020-01-14,26.4,26.4,26.3,26.4,272090,19.96
182,HPX,2020-01-15,26.4,26.6,26.3,26.35,312240,19.93
181,HPX,2020-01-16,26.35,26.9,26.25,26.9,312550,20.34
180,HPX,2020-01-17,26.9,26.9,26.5,26.55,340240,20.08
179,HPX,2020-01-20,26.55,26.55,26.4,26.55,211420,20.08
178,HPX,2020-01-21,26.55,26.55,26.3,26.35,140050,19.93
177,HPX,2020-01-22,26.35,26.5,25.95,26.5,124150,20.04
176,HPX,2020-01-30,26.5,26.55,26.25,26.55,107600,20.08
175,HPX,2020-01-31,26.55,26.55,26.25,26.55,104060,20.08
174,HPX,2020-02-03,26.4,26.45,26.0,26.4,167680,19.96
173,HPX,2020-02-04,26.3,26.4,26.3,26.4,208210,19.96
172,HPX,2020-02-05,26.35,26.4,26.3,26.4,425940,19.96
171,HPX,2020-02-06,26.3,26.55,26.3,26.5,478140,20.04
170,HPX,2020-02-07,26.4,26.5,26.0,26.35,312250,19.93
169,HPX,2020-02-10,26.3,26.55,26.3,26.5,365050,20.04
168,HPX,2020-02-11,26.45,26.65,26.35,26.5,473210,20.04
167,HPX,2020-02-12,26.4,26.55,26.4,26.55,283680,20.08
166,HPX,2020-02-13,26.45,26.5,26.35,26.4,261970,19.96
165,HPX,2020-02-14,26.4,26.5,26.4,26.5,232720,20.04
164,HPX,2020-02-17,26.45,26.8,26.4,26.6,505180,20.12
163,HPX,2020-02-18,26.5,27.0,26.5,26.8,448010,20.27
162,HPX,2020-02-19,26.8,27.5,26.7,27.35,346760,20.68
161,HPX,2020-02-20,27.35,29.0,27.15,28.5,355370,21.55
160,HPX,2020-02-21,28.4,28.5,27.0,27.6,287160,20.87
159,HPX,2020-02-24,27.0,27.6,27.0,27.2,296840,20.57
158,HPX,2020-02-25,26.5,26.9,26.35,26.65,309970,20.15
157,HPX,2020-02-26,26.35,26.9,26.15,26.7,126840,20.19
156,HPX,2020-02-27,27.0,27.0,26.5,26.6,150500,20.12
155,HPX,2020-02-28,26.5,27.2,26.5,27.05,155240,20.46
154,HPX,2020-03-02,26.9,27.4,26.8,27.1,332800,20.49
153,HPX,2020-03-03,25.7,27.3,25.7,26.9,257710,20.34
152,HPX,2020-03-04,26.9,27.0,26.9,26.95,212550,20.38
151,HPX,2020-03-05,26.95,27.0,26.9,27.0,286040,20.42
150,HPX,2020-03-06,27.0,27.15,26.9,27.15,294110,20.53
149,HPX,2020-03-09,26.9,27.15,26.7,26.9,312810,20.34
148,HPX,2020-03-10,26.8,27.1,26.8,27.1,201110,20.49
147,HPX,2020-03-11,27.1,27.35,27.0,27.3,264490,20.64
146,HPX,2020-03-12,27.2,27.45,27.2,27.4,243840,20.72
145,HPX,2020-03-13,27.2,27.6,27.0,27.6,195570,20.87
144,HPX,2020-03-16,27.6,27.6,27.2,27.35,224510,20.68
143,HPX,2020-03-17,27.5,27.5,27.0,27.5,192950,20.8
142,HPX,2020-03-18,27.5,27.75,27.5,27.75,318980,20.98
141,HPX,2020-03-19,27.75,28.05,27.55,28.0,236400,21.17
140,HPX,2020-03-20,28.0,28.65,27.9,28.65,248270,21.67
139,HPX,2020-03-23,28.5,29.8,28.4,29.8,283140,22.53
138,HPX,2020-03-24,29.75,30.1,29.65,30.0,309460,22.69
137,HPX,2020-03-25,30.0,30.2,29.7,30.0,255330,22.69
136,HPX,2020-03-26,30.0,31.5,28.0,31.5,310090,23.82
135,HPX,2020-03-27,27.45,27.9,27.4,27.8,170100,24.17
134,HPX,2020-03-30,27.7,28.45,27.65,28.45,206420,24.74
133,HPX,2020-03-31,28.4,28.7,28.35,28.7,242100,24.96
132,HPX,2020-04-01,28.6,28.7,28.35,28.6,276900,24.87
131,HPX,2020-04-03,28.55,28.6,27.05,27.15,347600,23.61
130,HPX,2020-04-06,27.3,27.3,26.2,27.2,306980,23.65
129,HPX,2020-04-07,27.05,27.6,27.05,27.55,313570,23.96
128,HPX,2020-04-08,27.4,27.6,27.4,27.45,222340,23.87
127,HPX,2020-04-09,27.3,27.5,27.2,27.25,232990,23.7
126,HPX,2020-04-10,27.25,27.75,27.25,27.6,220950,24.0
125,HPX,2020-04-13,27.55,27.7,27.45,27.65,250150,24.04
124,HPX,2020-04-14,27.6,27.7,27.45,27.5,255140,23.91
123,HPX,2020-04-15,27.5,27.55,27.1,27.25,157390,23.7
122,HPX,2020-04-16,27.35,27.4,25.35,26.8,167260,23.31
121,HPX,2020-04-17,27.0,27.1,26.7,26.85,244620,23.35
120,HPX,2020-04-20,26.85,27.2,26.45,27.2,258360,23.65
119,HPX,2020-04-21,27.2,27.2,26.7,26.9,276610,23.39
118,HPX,2020-04-22,26.8,27.05,26.8,27.0,283780,23.48
117,HPX,2020-04-23,26.9,27.1,26.8,26.8,340610,23.31
116,HPX,2020-04-24,26.8,27.0,26.7,26.8,410580,23.31
115,HPX,2020-04-27,26.8,28.0,26.65,28.0,315200,24.35
114,HPX,2020-04-28,27.0,28.0,26.8,27.1,307000,23.57
113,HPX,2020-04-29,26.95,27.0,26.5,26.95,269960,23.44
112,HPX,2020-05-04,26.95,27.2,26.9,27.2,271150,23.65
111,HPX,2020-05-05,27.15,27.2,26.1,27.15,309880,23.61
110,HPX,2020-05-06,27.1,27.2,26.8,27.0,273150,23.48
109,HPX,2020-05-07,26.5,27.0,26.5,26.9,290170,23.39
108,HPX,2020-05-08,26.9,26.95,26.8,26.95,255270,23.44
107,HPX,2020-05-11,26.9,27.0,26.65,26.9,274670,23.39
106,HPX,2020-05-12,26.9,26.9,26.65,26.85,241490,23.35
105,HPX,2020-05-13,26.9,27.0,26.8,26.95,287420,23.44
104,HPX,2020-05-14,26.9,27.1,26.85,27.05,266490,23.52
103,HPX,2020-05-15,26.9,27.15,26.9,27.1,236690,23.57
102,HPX,2020-05-18,27.05,27.1,26.8,26.95,274260,23.44
101,HPX,2020-05-19,27.0,27.0,26.7,26.8,258310,23.31
100,HPX,2020-05-20,26.85,26.95,26.8,26.9,315320,23.39
99,HPX,2020-05-21,26.9,27.0,26.85,26.9,244430,23.39
98,HPX,2020-05-22,26.9,26.9,26.75,26.8,325320,23.31
97,HPX,2020-05-25,26.8,27.0,26.8,26.85,331810,23.35
96,HPX,2020-05-26,26.8,26.9,26.7,26.85,195270,23.35
95,HPX,2020-05-27,26.85,27.0,26.8,27.0,173670,23.48
94,HPX,2020-05-28,26.85,26.85,26.65,26.85,209790,23.35
93,HPX,2020-05-29,26.85,26.9,26.6,26.8,136040,23.31
92,HPX,2020-06-01,26.8,27.3,26.8,27.1,312200,23.57
91,HPX,2020-06-02,27.1,27.6,27.1,27.5,372150,23.91
90,HPX,2020-06-03,27.5,27.55,27.2,27.5,337020,23.91
89,HPX,2020-06-04,27.45,27.5,27.3,27.35,354690,23.78
88,HPX,2020-06-05,27.4,27.5,26.5,27.0,503050,23.48
87,HPX,2020-06-08,27.0,27.2,26.85,27.1,460560,23.57
86,HPX,2020-06-09,27.1,27.15,26.8,27.0,479750,23.48
85,HPX,2020-06-10,27.0,27.05,26.4,26.7,425810,23.22
84,HPX,2020-06-11,26.7,27.0,26.0,27.0,491290,23.48
83,HPX,2020-06-12,27.0,27.0,26.2,26.7,485180,23.22
82,HPX,2020-06-15,26.7,26.8,26.1,26.75,510370,23.26
81,HPX,2020-06-16,26.75,26.75,26.5,26.75,536720,23.26
80,HPX,2020-06-17,26.75,26.75,26.55,26.75,500480,23.26
79,HPX,2020-06-18,26.75,26.75,26.6,26.75,451090,23.26
78,HPX,2020-06-19,26.7,26.75,26.55,26.7,432700,23.22
77,HPX,2020-06-22,26.7,26.7,26.6,26.7,462190,23.22
76,HPX,2020-06-23,26.7,26.7,26.4,26.7,327350,23.22
75,HPX,2020-06-24,26.7,26.7,26.5,26.7,500740,23.22
74,HPX,2020-06-25,26.45,26.7,26.45,26.7,501060,23.22
73,HPX,2020-06-26,26.7,26.75,26.5,26.7,566920,23.22
72,HPX,2020-06-29,26.7,26.75,26.0,26.75,356240,23.26
71,HPX,2020-06-30,26.7,28.6,26.5,28.6,813720,24.87
70,HPX,2020-07-01,27.7,28.6,26.65,27.0,633280,23.48
69,HPX,2020-07-02,27.0,27.5,26.6,26.95,731150,23.44
68,HPX,2020-07-03,26.95,28.8,26.3,28.75,1089950,25.0
67,HPX,2020-07-06,28.8,30.75,28.2,28.7,566300,24.96
66,HPX,2020-07-07,27.9,28.7,27.9,28.5,583090,24.78
65,HPX,2020-07-08,28.7,28.9,28.3,28.65,586300,24.91
64,HPX,2020-07-09,28.4,28.65,26.8,27.0,229030,23.48
63,HPX,2020-07-10,26.85,27.8,26.85,27.3,504210,23.74
62,HPX,2020-07-13,27.3,27.6,27.0,27.15,470060,23.61
61,HPX,2020-07-14,27.15,27.2,26.1,27.2,497920,23.65
60,HPX,2020-07-15,27.15,27.5,26.6,27.15,464560,23.61
59,HPX,2020-07-16,27.15,27.3,26.9,27.0,525990,23.48
58,HPX,2020-07-17,27.0,27.1,26.1,27.0,593120,23.48
57,HPX,2020-07-20,27.1,27.3,26.7,27.1,534180,23.57
56,HPX,2020-07-21,27.1,27.15,27.0,27.1,559830,23.57
55,HPX,2020-07-22,27.1,27.1,26.7,27.0,520710,23.48
54,HPX,2020-07-23,27.0,27.1,26.6,27.1,206090,23.57
53,HPX,2020-07-24,27.15,27.2,26.55,27.0,273750,23.48
52,HPX,2020-07-27,27.0,27.0,26.5,26.9,262480,23.39
51,HPX,2020-07-28,26.5,26.95,26.5,26.9,413760,23.39
50,HPX,2020-07-29,26.9,26.9,26.7,26.85,294560,23.35
49,HPX,2020-07-30,26.85,26.9,26.8,26.85,255260,23.35
48,HPX,2020-07-31,26.85,26.85,25.5,26.85,241540,23.35
47,HPX,2020-08-03,26.85,27.0,25.15,27.0,476610,23.48
46,HPX,2020-08-04,27.0,27.0,25.5,25.6,457280,22.26
45,HPX,2020-08-05,26.0,27.0,26.0,27.0,516020,23.48
44,HPX,2020-08-06,26.7,26.9,26.2,26.7,389830,23.22
43,HPX,2020-08-07,26.7,26.7,26.2,26.6,405090,23.13
42,HPX,2020-08-10,26.6,26.6,25.55,26.4,325980,22.96
41,HPX,2020-08-11,26.5,26.55,26.0,26.35,168380,22.91
40,HPX,2020-08-12,26.2,26.45,26.2,26.45,475760,23.0
39,HPX,2020-08-13,26.45,26.6,26.45,26.45,458200,23.0
38,HPX,2020-08-14,26.45,26.6,26.45,26.45,354210,23.0
37,HPX,2020-08-17,26.6,26.6,26.4,26.6,439510,23.13
36,HPX,2020-08-18,26.5,26.6,26.45,26.5,426840,23.04
35,HPX,2020-08-19,26.5,26.6,26.45,26.5,403300,23.04
34,HPX,2020-08-20,26.5,26.7,26.4,26.6,483490,23.13
33,HPX,2020-08-21,26.6,26.65,26.5,26.5,502910,23.04
32,HPX,2020-08-24,26.5,26.6,26.45,26.6,415010,23.13
31,HPX,2020-08-25,26.5,26.7,26.4,26.65,558310,23.17
30,HPX,2020-08-26,26.6,26.8,26.5,26.75,330050,23.26
29,HPX,2020-08-27,26.55,26.6,26.5,26.55,432610,23.09
28,HPX,2020-08-28,26.5,26.7,26.5,26.6,453320,23.13
27,HPX,2020-08-31,26.55,26.9,26.4,26.5,608600,23.04
26,HPX,2020-09-01,26.5,26.8,26.3,26.7,445960,23.22
25,HPX,2020-09-03,26.7,26.7,25.4,26.7,607250,23.22
24,HPX,2020-09-04,26.5,26.5,25.5,26.5,524720,23.04
23,HPX,2020-09-07,26.5,26.5,25.8,26.5,466350,23.04
22,HPX,2020-09-08,26.3,26.35,26.0,26.0,531390,22.61
21,HPX,2020-09-09,26.2,26.3,26.0,26.25,419990,22.83
20,HPX,2020-09-10,26.25,26.5,26.1,26.5,446050,23.04
19,HPX,2020-09-21,27.45,28.0,27.4,27.9,622790,24.26
18,HPX,2020-09-22,27.6,29.0,27.6,28.85,545480,25.09
17,HPX,2020-09-23,28.6,30.8,28.6,30.8,691040,26.78
16,HPX,2020-09-24,26.7,27.2,26.7,26.9,410890,26.9
15,HPX,2020-09-25,26.95,27.3,26.0,26.0,380400,26.0
14,HPX,2020-09-28,25.45,26.7,25.45,26.05,355620,26.05
574,HPX,2020-09-29,26.3,26.45,26.0,26.05,350550,26.05
13,HPX,2020-09-29,26.3,26.45,26.0,26.05,350550,26.05
12,HPX,2020-09-30,26.1,27.2,26.05,27.2,356560,27.2
573,HPX,2020-09-30,26.1,27.2,26.05,27.2,356560,27.2
11,HPX,2020-10-01,26.3,26.5,26.25,26.5,449220,26.5
572,HPX,2020-10-01,26.3,26.5,26.25,26.5,449220,26.5
10,HPX,2020-10-02,26.3,26.5,26.1,26.1,425680,26.1
571,HPX,2020-10-02,26.3,26.5,26.1,26.1,425680,26.1
9,HPX,2020-10-05,26.3,26.3,26.0,26.0,464330,26.0
570,HPX,2020-10-05,26.3,26.3,26.0,26.0,464330,26.0
8,HPX,2020-10-06,26.2,26.2,26.0,26.0,403780,26.0
569,HPX,2020-10-06,26.2,26.2,26.0,26.0,403780,26.0
7,HPX,2020-10-07,26.1,26.2,25.95,26.0,380270,26.0
568,HPX,2020-10-07,26.1,26.2,25.95,26.0,380270,26.0
6,HPX,2020-10-08,26.0,27.5,26.0,26.5,620800,26.5
567,HPX,2020-10-08,26.0,27.5,26.0,26.5,620800,26.5
566,HPX,2020-10-09,26.5,28.0,26.35,26.5,467420,26.5
5,HPX,2020-10-09,26.5,28.0,26.35,26.5,467420,26.5
4,HPX,2020-10-12,26.3,27.8,26.3,27.8,334900,27.8
565,HPX,2020-10-12,26.3,27.8,26.3,27.8,334900,27.8
3,HPX,2020-10-13,27.8,27.9,26.9,27.0,371890,27.0
564,HPX,2020-10-13,27.8,27.9,26.9,27.0,371890,27.0
2,HPX,2020-10-14,26.9,27.5,26.9,27.5,424750,27.5
563,HPX,2020-10-14,26.9,27.5,26.9,27.5,424750,27.5
562,HPX,2020-10-15,27.4,27.5,26.9,27.0,338470,27.0
1,HPX,2020-10-15,27.4,27.5,26.9,27.0,338470,27.0
0,HPX,2020-10-16,27.0,27.0,26.5,27.0,450700,27.0
561,HPX,2020-10-16,27.0,27.0,26.5,27.0,450700,27.0
560,HPX,2020-10-19,27.0,27.5,26.8,26.9,402990,26.9
559,HPX,2020-10-20,26.9,27.05,26.85,26.9,340540,26.9
558,HPX,2020-10-21,26.2,27.0,26.2,27.0,355140,27.0
557,HPX,2020-10-22,27.0,27.2,26.8,26.9,397420,26.9
556,HPX,2020-10-23,26.2,26.9,26.2,26.9,432870,26.9
555,HPX,2020-10-26,26.9,27.0,26.5,26.9,432870,26.9
